facility_id,matched,geo_lat,geo_lon,dist_m,match_type,matched_address
dc_c7be2966c16a,True,40.554374,-74.458806,162.1,Exact,"3 CORPORATE PL, PISCATAWAY, NJ, 08854"
dc_7015a8562d9d,True,34.047282,-118.256692,61.1,Non_Exact,"600 W 7TH ST, LOS ANGELES, CA, 90017"
dc_c97738231c91,False,,,,No_Match,
dc_45ec8b20e65d,True,34.047282,-118.256692,70.1,Exact,"600 W 7TH ST, LOS ANGELES, CA, 90017"
dc_49e9f7db52dc,True,30.216362,-97.695677,135.7,Non_Exact,"7401 E BEN WHITE BLVD, AUSTIN, TX, 78741"
dc_ca70c0deb389,False,,,,No_Match,
dc_2839fc2c5212,True,40.726368,-74.005592,43.4,Non_Exact,"150 VARICK ST, NEW YORK, NY, 10013"
dc_583b75cdc1d2,True,33.743617,-84.582821,72.5,Exact,"375 RIVERSIDE PKWY, LITHIA SPRINGS, GA, 30122"
dc_fb81ab777b05,True,33.674627,-78.942135,46.3,Exact,"1401 HOWARD AVE, MYRTLE BEACH, SC, 29577"
dc_36a3c1c1f362,True,35.464479,-97.648888,225.8,Exact,"7725 W RENO AVE, OKLAHOMA CITY, OK, 73127"
dc_c83ebcd9777a,True,33.691369,-117.840359,106.2,Exact,"17222 VON KARMAN AVE, IRVINE, CA, 92614"
dc_65462e0cdff1,True,34.051411,-118.265796,34.1,Exact,"1200 W 7TH ST, LOS ANGELES, CA, 90017"
dc_555e7f99046e,True,39.561027,-104.858662,125.2,Non_Exact,"335 INVERNESS DR S, ENGLEWOOD, CO, 80112"
dc_93d82a58a852,True,43.073116,-89.386502,46.9,Exact,"222 W WASHINGTON AVE, MADISON, WI, 53703"
dc_2d61a33ca46b,False,,,,No_Match,
dc_d19c07e250c3,True,32.830076,-117.135523,100.5,Exact,"8971 COMPLEX DR, SAN DIEGO, CA, 92123"
dc_fdb3d62969dc,True,25.776033,-80.193092,18.6,Exact,"36 NE 2ND ST, MIAMI, FL, 33132"
dc_5c57ba7c00e3,True,42.363283,-71.161012,366.3,Non_Exact,"486 ARSENAL ST, WATERTOWN, MA, 02472"
dc_cebfa79ec447,True,43.112387,-95.117658,241.8,Exact,"2365 370TH ST, SPENCER, IA, 51301"
dc_551d1055ddc3,True,39.158469,-94.472967,169.6,Exact,"9050 NE UNDERGROUND DR, KANSAS CITY, MO, 64161"
dc_9a27ff212d93,True,40.450158,-80.006045,124.1,Non_Exact,"100 S CMNS, PITTSBURGH, PA, 15212"
dc_96c5b654ee78,True,40.529931,-74.327943,1915.2,Non_Exact,"3003 WOODBRIDGE AVE, EDISON, NJ, 08837"
dc_ae8edb4e2092,True,33.021332,-96.84362,110.2,Exact,"4025 MIDWAY RD, CARROLLTON, TX, 75007"
dc_22d8db7b360c,True,42.024109,-87.973947,49.2,Exact,"200 INNOVATION DR, ELK GROVE VILLAGE, IL, 60007"
dc_d64ac7105bee,True,40.710859,-74.000694,62.2,Non_Exact,"375 PEARL ST, NEW YORK, NY, 10038"
dc_47d937b135c2,False,,,,No_Match,
dc_bd177f82d3dd,True,39.101005,-94.582095,61.0,Non_Exact,"1100 WALNUT ST, KANSAS CITY, MO, 64106"
dc_54b3ef0880ca,False,,,,No_Match,
dc_ca9d0ab87d83,True,39.962785,-82.996184,56.0,Exact,"180 E BROAD ST, COLUMBUS, OH, 43215"
dc_c7c6e35626c1,True,41.58568,-93.6254,16.9,Exact,"666 WALNUT ST, DES MOINES, IA, 50309"
dc_6986fb479925,True,47.791278,-122.202409,52.0,Exact,"2326 228TH ST SE, BOTHELL, WA, 98021"
dc_436d369c718f,True,33.484087,-112.073845,265.3,Non_Exact,"3110 N CENTRAL AVE, PHOENIX, AZ, 85012"
dc_f0251b9c4cc6,True,41.501163,-81.680516,58.6,Exact,"1621 EUCLID AVE, CLEVELAND, OH, 44115"
dc_3afc967d9d1a,True,38.933155,-77.426518,235.8,Exact,"13873 PARK CENTER RD, HERNDON, VA, 20171"
dc_cfa299c09d66,False,,,,No_Match,
dc_ef12919892c5,True,30.451688,-91.116584,223.5,Exact,"7127 FLORIDA BLVD, BATON ROUGE, LA, 70806"
dc_f2375e9e8272,True,40.768287,-111.885994,29.1,Exact,"179 SOCIAL HALL AVE, SALT LAKE CITY, UT, 84111"
dc_110d4d59e055,True,40.556868,-74.488837,346.6,Exact,"101 POSSUMTOWN RD, PISCATAWAY, NJ, 08854"
dc_165b15e48a25,True,39.587742,-104.87629,992.5,Exact,"9706 E EASTER AVE, ENGLEWOOD, CO, 80112"
dc_bc98d15f165a,True,41.756533,-91.597929,116.9,Non_Exact,"980 N FRONT ST, NORTH LIBERTY, IA, 52317"
dc_307abcbb36ae,True,27.950142,-82.456179,26.4,Exact,"610 N MORGAN ST, TAMPA, FL, 33602"
dc_205214f38282,True,33.92377,-118.320589,57.8,Exact,"2301 W 120TH ST, HAWTHORNE, CA, 90250"
dc_25e74ffcb872,True,38.925685,-94.76952,85.7,Exact,"11200 LAKEVIEW AVE, LENEXA, KS, 66219"
dc_9d948b20f397,True,32.982578,-96.660361,437.0,Non_Exact,"1813 LOOKOUT DR, GARLAND, TX, 75044"
dc_79dfa0f520ee,True,42.056762,-91.679667,47.7,Exact,"755 METZGER DR, HIAWATHA, IA, 52233"
dc_9ce7e28cd5d6,True,25.776033,-80.193092,28.1,Exact,"36 NE 2ND ST, MIAMI, FL, 33132"
dc_0ef9a41e7d70,True,38.92304,-77.210563,569.2,Non_Exact,"1674A OLD MEADOW RD, MCLEAN, VA, 22102"
dc_b6fbffa58ede,True,33.708256,-93.556361,6324.4,Non_Exact,"358 STATE HWY 174, HOPE, AR, 71801"
dc_3706cdb29bf1,True,29.750013,-95.472711,109.9,Non_Exact,"5555 SAN FELIPE ST, HOUSTON, TX, 77056"
dc_ddb7e68d3679,True,38.245944,-85.757291,66.7,Exact,"332 W BROADWAY, LOUISVILLE, KY, 40202"
dc_363733e77dcd,False,,,,No_Match,
dc_a26daee8f0b8,True,40.719403,-74.04282,808.2,Exact,"95 CHRISTOPHER COLUMBUS DR, JERSEY CITY, NJ, 07302"
dc_d6ee1c60c7cf,True,25.776033,-80.193092,18.6,Non_Exact,"36 NE 2ND ST, MIAMI, FL, 33132"
dc_5316b4c0a16e,True,45.560579,-122.936196,208.6,Non_Exact,"5419 NE STARR BLVD, HILLSBORO, OR, 97124"
dc_70f64e34b56c,True,39.001098,-77.475464,32.7,Exact,"22291 SHELLHORN RD, ASHBURN, VA, 20147"
dc_6f3dc8f369c9,True,32.98137,-97.262721,911.1,Exact,"14100 PARK VISTA BLVD, FORT WORTH, TX, 76177"
dc_474021bfadb0,True,34.046483,-118.259013,54.3,Exact,"800 S HOPE ST, LOS ANGELES, CA, 90017"
dc_bc06006b2111,True,39.287752,-76.60685,74.4,Exact,"111 MARKET PL, BALTIMORE, MD, 21202"
dc_882a55829541,True,44.448311,-73.144964,153.2,Non_Exact,"530 COMMUNITY DR, SOUTH BURLINGTON, VT, 05403"
dc_43484bcf3562,True,39.848902,-104.979895,211.5,Exact,"550 E 84TH AVE, THORNTON, CO, 80229"
dc_ec9f9b87e90e,True,41.090952,-73.813834,315.2,Exact,"11 SKYLINE DR, HAWTHORNE, NY, 10532"
dc_7284cc251f4e,True,25.767923,-80.19032,86.3,Exact,"600 BRICKELL AVE, MIAMI, FL, 33131"
dc_584854729387,True,40.451752,-80.041902,61.6,Exact,"282 CORLISS ST, PITTSBURGH, PA, 15220"
dc_d4fbdd3d160d,True,37.334508,-121.89143,44.6,Exact,"55 S MARKET ST, SAN JOSE, CA, 95113"
dc_6c5747e8ee21,True,27.947439,-82.458855,39.5,Non_Exact,"400 TAMPA ST N, TAMPA, FL, 33602"
dc_8d1d5560f657,True,25.776033,-80.193092,18.6,Exact,"36 NE 2ND ST, MIAMI, FL, 33132"
dc_38197c1f3767,True,47.419439,-122.248366,146.4,Exact,"6906 S 204TH ST, KENT, WA, 98032"
dc_02182668c9f0,True,41.884386,-87.639723,439.3,Non_Exact,"111 N CANAL ST, CHICAGO, IL, 60606"
dc_50e4626e32e8,True,27.947439,-82.458855,56.8,Non_Exact,"400 TAMPA ST N, TAMPA, FL, 33602"
dc_3d42335bad72,True,39.136578,-94.577423,35.4,Non_Exact,"1530 SWIFT AVE, NORTH KANSAS CITY, MO, 64116"
dc_36754c52f050,True,39.014365,-77.457841,244.5,Non_Exact,"21715 FILIGREE CT, ASHBURN, VA, 20147"
dc_5c4333eac436,True,40.380235,-75.982912,142.0,Exact,"2561 BERNVILLE RD, READING, PA, 19605"
dc_bb41f7c6272c,True,37.401091,-121.892949,125.0,Exact,"2001 FORTUNE DR, SAN JOSE, CA, 95131"
dc_a8a368db33bb,True,37.09413,-88.634109,12.3,Non_Exact,"1212 HELEN ST, PADUCAH, KY, 42001"
dc_1c34e69b8d80,True,33.755474,-84.391094,44.1,Non_Exact,"55 MARIETTA ST, ATLANTA, GA, 30303"
dc_19d78aae92b7,False,,,,No_Match,
dc_3c06c3237ab7,True,47.154825,-122.280321,98.6,Exact,"1023 39TH AVE SE, PUYALLUP, WA, 98374"
dc_e7e81b57c81b,True,40.439169,-80.000902,42.1,Exact,"322 4TH AVE, PITTSBURGH, PA, 15222"
dc_95ab7384a93f,True,33.085202,-96.812385,389.0,Exact,"8375 DOMINION PKWY, PLANO, TX, 75024"
dc_7aae4d4abf47,True,33.137142,-96.661343,322.8,Exact,"820 ALLEN COMMERCE PKWY, ALLEN, TX, 75013"
dc_cda90edc406a,True,27.949592,-82.458713,31.4,Exact,"655 N FRANKLIN ST, TAMPA, FL, 33602"
dc_936035203d1f,True,46.795464,-92.095399,56.2,Non_Exact,"421 N 6TH AVE E, DULUTH, MN, 55805"
dc_d53cb59c41ed,True,35.966288,-83.921575,79.0,Non_Exact,"500 W SUMMIT HILL DR, KNOXVILLE, TN, 37902"
dc_65708f50b372,True,34.17856,-118.316386,84.9,Non_Exact,"164 W MAGNOLIA BLVD, BURBANK, CA, 91502"
dc_9b54779dc33d,True,38.788225,-121.313841,186.8,Non_Exact,"9000 FOOTHILLS BLVD, ROSEVILLE, CA, 95747"
dc_0e25227f34f6,True,41.299793,-72.925888,22.1,Exact,"54 MEADOW ST, NEW HAVEN, CT, 06519"
dc_2546bb57a1b3,True,34.048222,-118.254575,48.4,Exact,"530 W 6TH ST, LOS ANGELES, CA, 90014"
dc_ccc53908a275,True,37.230377,-93.215666,328.8,Non_Exact,"1904 N LE COMPTE RD, SPRINGFIELD, MO, 65802"
dc_9448c3ccf011,False,,,,No_Match,
dc_50d4b0564dea,True,38.04783,-84.500067,45.1,Exact,"333 W VINE ST, LEXINGTON, KY, 40507"
dc_b8be2b6536e3,True,37.788616,-122.390816,12.5,Exact,"365 MAIN ST, SAN FRANCISCO, CA, 94105"
dc_9acc15c3d0a9,True,37.722945,-122.397718,54.4,Non_Exact,"200 PAUL AVE, SAN FRANCISCO, CA, 94124"
dc_33e94a939c1b,True,39.021126,-77.460121,35.4,Exact,"44490 CHILUM PL, ASHBURN, VA, 20147"
dc_2e3dadc752a4,True,32.78693,-96.794018,36.6,Exact,"2323 BRYAN ST, DALLAS, TX, 75201"
dc_713ae9ff9f61,False,,,,No_Match,
dc_cd5551c92afa,True,39.014365,-77.457841,244.5,Exact,"21715 FILIGREE CT, ASHBURN, VA, 20147"
dc_ce0c5992cc9b,True,25.776033,-80.193092,37.0,Exact,"36 NE 2ND ST, MIAMI, FL, 33132"
dc_c5961d5d88a0,True,29.754104,-95.365803,63.2,Exact,"1301 FANNIN ST, HOUSTON, TX, 77002"
dc_f9b72dde45d8,True,42.467179,-83.234669,29.3,Exact,"24275 NORTHWESTERN HWY, SOUTHFIELD, MI, 48075"
dc_960d4026cc0b,True,41.501163,-81.680516,58.6,Exact,"1621 EUCLID AVE, CLEVELAND, OH, 44115"
dc_55529f8314f5,True,32.993286,-96.756174,6.7,Exact,"3010 WATERVIEW PKWY, RICHARDSON, TX, 75080"
dc_a7346f4ae373,True,42.972437,-71.468659,53.8,Exact,"77 SUNDIAL AVE, MANCHESTER, NH, 03103"
dc_483139dbc068,True,37.780581,-122.409099,28.6,Non_Exact,"1019 MISSION ST, SAN FRANCISCO, CA, 94103"
dc_256bfc3771cd,True,47.154825,-122.280321,98.6,Non_Exact,"1023 39TH AVE SE, PUYALLUP, WA, 98374"
dc_1e56ff5b5b31,True,38.746361,-77.533563,201.6,Exact,"9651 HORNBAKER RD, MANASSAS, VA, 20109"
dc_ee2dabe2d034,True,33.716574,-117.802715,83.6,Exact,"14351 MYFORD RD, TUSTIN, CA, 92780"
dc_c076f88bdf99,True,39.10308,-84.517316,34.6,Non_Exact,"229 W 7TH ST, CINCINNATI, OH, 45202"
dc_be781da0ac27,True,41.180601,-96.082712,189.6,Exact,"10917 HARRY WATANABE PKWY, LA VISTA, NE, 68128"
dc_3c15e6d243fd,True,40.556868,-74.488837,375.7,Exact,"101 POSSUMTOWN RD, PISCATAWAY, NJ, 08854"
dc_1b4424f5d12f,True,41.500691,-81.684135,36.9,Exact,"1225 EUCLID AVE, CLEVELAND, OH, 44115"
dc_3933c406bf5d,False,,,,No_Match,
dc_c2f977e5b859,True,40.766362,-111.891169,32.0,Non_Exact,"136 S MAIN ST, SALT LAKE CITY, UT, 84101"
dc_2ce078333a5c,True,29.949305,-90.070038,48.4,Exact,"650 POYDRAS ST, NEW ORLEANS, LA, 70130"
dc_1419d45e56a4,True,34.048222,-118.254575,48.4,Exact,"530 W 6TH ST, LOS ANGELES, CA, 90014"
dc_c04730ac0683,True,44.02129,-92.462938,55.2,Non_Exact,"220 S BROADWAY AVE, ROCHESTER, MN, 55904"
dc_84bb862c11a5,False,,,,No_Match,
dc_d0750011f8b2,False,,,,No_Match,
dc_50b6ee35fe1a,True,33.137127,-96.659512,156.0,Exact,"840 ALLEN COMMERCE PKWY, ALLEN, TX, 75013"
dc_518cb525fd88,True,42.473279,-92.458325,90.4,Exact,"1205 TECHNOLOGY PKWY, CEDAR FALLS, IA, 50613"
dc_3f21766275d1,True,33.879681,-118.028789,188.8,Non_Exact,"16680 VALLEY VIEW AVE, LA MIRADA, CA, 90638"
dc_a1d2bf1489bd,True,30.273541,-97.742861,8.0,Exact,"1122 COLORADO ST, AUSTIN, TX, 78701"
dc_aaaa51bde60b,True,39.759833,-86.171235,99.6,Non_Exact,"731 W HENRY ST, INDIANAPOLIS, IN, 46225"
dc_3129f2c900a6,True,41.034507,-73.76668,42.7,Non_Exact,"360 HAMILTON AVE, WHITE PLAINS, NY, 10601"
dc_39a8cb17ab9f,True,30.386874,-97.706676,318.5,Non_Exact,"1825 KRAMER LN, AUSTIN, TX, 78758"
dc_667b43557d64,True,40.704435,-74.01149,35.6,Exact,"75 BROAD ST, NEW YORK, NY, 10004"
dc_374a8dbdef04,True,39.025978,-77.436244,140.8,Exact,"21350 PACIFIC BLVD, STERLING, VA, 20166"
dc_1c5529fb9a1a,False,,,,No_Match,
dc_d86fdc4e8f2f,True,43.05044,-76.150687,36.7,Exact,"109 S WARREN ST, SYRACUSE, NY, 13202"
dc_58616fe2297e,True,32.994965,-96.930484,337.6,Exact,"1649 FRANKFORD RD W, CARROLLTON, TX, 75007"
dc_763d1075346e,True,43.167525,-78.749927,146.3,Exact,"5319 ENTERPRISE DR, LOCKPORT, NY, 14094"
dc_c958657a0348,True,44.979252,-93.26646,73.8,Exact,"331 2ND AVE S, MINNEAPOLIS, MN, 55401"
dc_4c0328a22c39,True,35.10196,-106.589328,45.2,Non_Exact,"5021 INDIAN SCHOOL RD NE, ALBUQUERQUE, NM, 87110"
dc_f462f5b23353,True,38.994508,-77.027147,88.3,Exact,"1010 WAYNE AVE, SILVER SPRING, MD, 20910"
dc_b4cb8f3be956,True,33.755474,-84.391094,37.1,Non_Exact,"55 MARIETTA ST, ATLANTA, GA, 30303"
dc_c38d391736df,True,25.776033,-80.193092,28.1,Exact,"36 NE 2ND ST, MIAMI, FL, 33132"
dc_cd1b4830cc8b,True,37.722945,-122.397718,88.8,Exact,"200 PAUL AVE, SAN FRANCISCO, CA, 94124"
dc_ea75373be693,True,37.697641,-77.435063,164.2,Exact,"9680 ATLEE COMMONS DR, ASHLAND, VA, 23005"
dc_5f2a61722af9,True,39.387073,-84.565865,139.8,Exact,"103 KNIGHTSBRIDGE DR, HAMILTON, OH, 45011"
dc_09dea9d939e5,True,33.775269,-84.387388,41.0,Exact,"760 W PEACHTREE ST NW, ATLANTA, GA, 30308"
dc_74a33a13576f,True,42.650137,-73.752435,33.3,Exact,"11 N PEARL ST, ALBANY, NY, 12207"
dc_6f74b8c1ecc5,False,,,,No_Match,
dc_475764483f9f,True,44.059999,-121.309304,23.6,Exact,"130 NW GREENWOOD AVE, BEND, OR, 97703"
dc_9449ac8454ad,True,43.657708,-70.261781,46.4,Non_Exact,"340 CUMBERLAND AVE, PORTLAND, ME, 04101"
dc_fed2cce6b6c2,True,39.747408,-75.546652,50.9,Exact,"1201 N MARKET ST, WILMINGTON, DE, 19801"
dc_178934ce0e29,True,32.829918,-117.136428,212.2,Exact,"8917 COMPLEX DR, SAN DIEGO, CA, 92123"
dc_71b5b73fcac8,True,40.743446,-74.00734,58.1,Exact,"85 10TH AVE, NEW YORK, NY, 10011"
dc_5108e71bb3f6,True,42.552995,-71.217349,201.6,Non_Exact,"43 ALEXANDER RD, BILLERICA, MA, 01821"
dc_bdff878de982,False,,,,No_Match,
dc_b8a06f212731,True,39.959616,-75.161873,32.1,Non_Exact,"401 N BROAD ST, PHILADELPHIA, PA, 19108"
dc_d3a8a17157cf,True,42.64957,-73.75262,17.2,Exact,"80 STATE ST, ALBANY, NY, 12207"
dc_6868e3ad619f,True,37.334508,-121.89143,44.7,Exact,"55 S MARKET ST, SAN JOSE, CA, 95113"
dc_6cd941ab7126,True,37.333092,-121.905063,77.7,Non_Exact,"250 STOCKTON AVE, SAN JOSE, CA, 95126"
dc_0710358899ef,True,33.462325,-111.995133,61.5,Exact,"1200 N 40TH ST, PHOENIX, AZ, 85008"
dc_bf02966eb419,True,41.98769,-88.011206,226.6,Non_Exact,"255 PIERCE RD, ITASCA, IL, 60143"
dc_41ca0ce0a509,True,41.554386,-73.041037,16.0,Exact,"108 BANK ST, WATERBURY, CT, 06702"
dc_68d97fc661d5,True,43.607203,-96.810879,138.2,Non_Exact,"5300 N LAMESA DR, SIOUX FALLS, SD, 57107"
dc_81bdea6e864f,True,39.967732,-82.995738,28.2,Exact,"226 N 5TH ST, COLUMBUS, OH, 43215"
dc_dfc785a7c7de,True,40.634421,-111.806067,44.0,Exact,"6340 S 3000 E, SALT LAKE CITY, UT, 84121"
dc_7f5f90e935c4,True,35.088399,-106.65223,18.0,Exact,"505 MARQUETTE AVE NW, ALBUQUERQUE, NM, 87102"
dc_f11fcbc90179,True,31.335472,-110.943007,94.6,Non_Exact,"81 N SONOITA AVE, NOGALES, AZ, 85621"
dc_733aea2e5795,True,35.039461,-89.885254,102.8,Exact,"4005 S MENDENHALL RD, MEMPHIS, TN, 38115"
dc_2a818be79374,False,,,,No_Match,
dc_e398f3978d57,True,30.261601,-97.722423,66.8,Exact,"1905 E 6TH ST, AUSTIN, TX, 78702"
dc_a110d272ec8d,False,,,,No_Match,
dc_7fabd1d8f84d,True,40.784741,-74.076232,8.9,Non_Exact,"200B MEADOWLANDS PKWY, SECAUCUS, NJ, 07094"
dc_7fe57b05a442,False,,,,No_Match,
dc_4c67f29cb099,False,,,,No_Match,
dc_d8cbe6a83e85,True,45.780784,-108.511788,64.8,Non_Exact,"222 N 32ND ST, BILLINGS, MT, 59101"
dc_81e63f1a603e,True,43.665781,-70.27613,1471.1,Exact,"45 FOREST AVE, PORTLAND, ME, 04101"
dc_95c9a70f2492,True,40.813187,-96.702525,55.9,Exact,"134 S 13TH ST, LINCOLN, NE, 68508"
dc_c4344c114a1e,False,,,,No_Match,
dc_03a9959da784,True,45.550497,-122.910086,318.3,Non_Exact,"6397 NW EVERGREEN PKWY, HILLSBORO, OR, 97124"
dc_fd11a1f44708,False,,,,No_Match,
dc_ca7d33cf6c31,False,,,,No_Match,
dc_2338d12e367c,True,32.377671,-86.303189,43.5,Exact,"445 DEXTER AVE, MONTGOMERY, AL, 36104"
dc_0378cf1ad710,True,47.658011,-117.418417,71.5,Exact,"422 W RIVERSIDE AVE, SPOKANE, WA, 99201"
dc_22c92b609884,True,38.366184,-81.694798,39.4,Exact,"401 D ST, SOUTH CHARLESTON, WV, 25303"
dc_e81430ad9e71,True,33.754711,-84.389556,30.3,Exact,"34 PEACHTREE ST, ATLANTA, GA, 30303"
dc_e1ff79fe6a61,True,33.948652,-118.072748,57.3,Exact,"9911 NORWALK BLVD, SANTA FE SPRINGS, CA, 90670"
dc_ce8075567251,True,39.316347,-84.449675,44.2,Non_Exact,"5307 MULHAUSER RD, WEST CHESTER, OH, 45011"
dc_b853c136e629,True,33.758485,-84.387673,20.7,Non_Exact,"180 PEACHTREE ST, ATLANTA, GA, 30303"
dc_80a8e001435c,True,37.375267,-121.970103,93.2,Non_Exact,"2915 STENDER WAY, SANTA CLARA, CA, 95054"
dc_9979cc01880f,True,43.835265,-88.493176,179.9,Non_Exact,"W6720 SUBWAY RD, FOND DU LAC, WI, 54937"
dc_183f43223ec1,True,42.467179,-83.234669,31.6,Exact,"24275 NORTHWESTERN HWY, SOUTHFIELD, MI, 48075"
dc_bb40d67d2a9d,True,39.745594,-104.995046,48.7,Non_Exact,"1500 CHAMPA ST, DENVER, CO, 80202"
dc_7d017b08a124,True,25.776033,-80.193092,28.1,Exact,"36 NE 2ND ST, MIAMI, FL, 33132"
dc_5f370fd573c6,True,43.566254,-116.18429,129.0,Exact,"435 W MCGREGOR DR, BOISE, ID, 83705"
dc_079b9dd52c7e,True,42.862184,-87.982235,62.2,Exact,"10125 S 52ND ST, FRANKLIN, WI, 53132"
dc_da694d866879,True,36.16294,-86.778549,36.6,Non_Exact,"147 4TH AVE N, NASHVILLE, TN, 37219"
dc_d66268183bda,True,32.511243,-93.749806,21.8,Exact,"601 MILAM ST, SHREVEPORT, LA, 71101"
dc_7569fa9635bc,True,34.047282,-118.256692,65.3,Exact,"600 W 7TH ST, LOS ANGELES, CA, 90017"
dc_6cab86b4b98b,True,47.65801,-117.4185,61.6,Non_Exact,"428 W RIVERSIDE AVE, SPOKANE, WA, 99201"
dc_cb6d24a8690a,True,43.03873,-87.907475,54.1,Exact,"324 E WISCONSIN AVE, MILWAUKEE, WI, 53202"
dc_83495392fdac,False,,,,Tie,
dc_86334a11f204,True,29.728651,-95.444337,92.6,Exact,"4201 SOUTHWEST FWY, HOUSTON, TX, 77027"
dc_83a22ad07c8d,False,,,,No_Match,
dc_854a45524688,True,42.826793,-78.820921,56.2,Exact,"55 MELROY AVE, LACKAWANNA, NY, 14218"
dc_a1a2d4c9b9b0,True,41.11093,-73.398393,12.2,Non_Exact,"10 NORDEN PL, NORWALK, CT, 06855"
dc_4ca5071fffcd,True,42.466994,-83.234393,26.8,Exact,"24245 NORTHWESTERN HWY, SOUTHFIELD, MI, 48075"
dc_9b38c6590761,True,32.840907,-117.169469,112.3,Exact,"5761 COPLEY DR, SAN DIEGO, CA, 92111"
dc_202a2991c5a5,False,,,,Tie,
dc_9cbf0a55e19a,True,42.053748,-91.551869,215.6,Exact,"5055 REC DR, MARION, IA, 52302"
dc_ee9c5e566c3c,True,43.044478,-87.953121,79.5,Exact,"3135 W HIGHLAND BLVD, MILWAUKEE, WI, 53208"
dc_8a72989b8621,True,46.016652,-98.568571,438.4,Exact,"9663 87TH AVE SE, ELLENDALE, ND, 58436"
dc_2146da00a164,False,,,,No_Match,
dc_f907a6d7f787,True,34.062462,-118.357905,75.3,Exact,"5900 WILSHIRE BLVD, LOS ANGELES, CA, 90036"
dc_9b95847ef56f,True,34.709457,-86.692136,263.0,Exact,"333 DIAMOND DR NW, HUNTSVILLE, AL, 35806"
dc_445dff13f0cb,True,43.048074,-89.298256,75.4,Exact,"4916 E BROADWAY, MADISON, WI, 53716"
dc_5fc5932e2fa1,False,,,,No_Match,
dc_dd717d06043b,True,39.291653,-76.619739,30.8,Non_Exact,"300 W LEXINGTON ST, BALTIMORE, MD, 21201"
dc_bed5d7adeebd,True,25.776033,-80.193092,28.1,Exact,"36 NE 2ND ST, MIAMI, FL, 33132"
dc_1c6b983e109a,True,43.151758,-93.199317,6.9,Non_Exact,"103 E STATE ST, MASON CITY, IA, 50401"
dc_0d2326038c4d,True,34.048222,-118.254575,60.7,Exact,"530 W 6TH ST, LOS ANGELES, CA, 90014"
dc_cbc49ed43b20,True,35.221491,-80.835817,83.0,Exact,"125 N MYERS ST, CHARLOTTE, NC, 28202"
dc_da9d1fb0b335,True,34.058138,-118.236994,150.8,Non_Exact,"900 N ALAMEDA ST, LOS ANGELES, CA, 90012"
dc_57acf1168596,True,37.722945,-122.397718,88.8,Exact,"200 PAUL AVE, SAN FRANCISCO, CA, 94124"
dc_09200711b7ac,True,39.949812,-75.155054,12.4,Exact,"833 CHESTNUT ST, PHILADELPHIA, PA, 19107"
dc_a29f6258e847,True,39.391285,-84.220951,248.5,Exact,"401 FUJITEC DR, LEBANON, OH, 45036"
dc_9277151d2171,True,40.556868,-74.488837,375.7,Exact,"101 POSSUMTOWN RD, PISCATAWAY, NJ, 08854"
dc_f8e6324f3558,True,37.338295,-121.910745,56.2,Exact,"534 STOCKTON AVE, SAN JOSE, CA, 95126"
dc_471ff8a35a44,True,25.848606,-80.195309,47.3,Exact,"100 NE 80TH TER, MIAMI, FL, 33138"
dc_eac2b2368edf,True,33.918852,-118.383276,269.5,Non_Exact,"445 N DOUGLAS ST, EL SEGUNDO, CA, 90245"
dc_e3f553271048,False,,,,No_Match,
dc_5a3cb29dc9a8,True,39.759833,-86.171256,87.3,Exact,"733 W HENRY ST, INDIANAPOLIS, IN, 46225"
dc_2847d8aab868,True,25.782755,-80.193061,43.9,Exact,"50 NE 9TH ST, MIAMI, FL, 33132"
dc_83ffc6452bd2,True,30.470959,-84.354623,174.3,Exact,"1531 COMMONWEALTH BUSINESS DR, TALLAHASSEE, FL, 32303"
dc_d7293cd91449,True,39.140552,-76.603056,313.9,Exact,"7900 RITCHIE HWY, GLEN BURNIE, MD, 21061"
dc_ec4c14283b81,True,40.597568,-73.994831,23.3,Non_Exact,"8760 23RD AVE, BROOKLYN, NY, 11214"
dc_606ad9c4165a,True,43.567709,-116.2075,40.1,Non_Exact,"3795 DEVELOPMENT AVE, BOISE, ID, 83705"
dc_8d25991bfa8d,False,,,,No_Match,
dc_e1b88786f3b0,True,33.916298,-118.384828,71.2,Exact,"2260 E EL SEGUNDO BLVD, EL SEGUNDO, CA, 90245"
dc_55f5c1098183,True,35.930622,-78.883853,726.6,Exact,"2223 NE CREEK PKWY, DURHAM, NC, 27713"
dc_f4381f508e7b,True,40.760709,-111.889029,25.7,Exact,"67 E 400 S, SALT LAKE CITY, UT, 84111"
dc_e40e30b5f07d,True,33.758485,-84.387673,21.0,Exact,"180 PEACHTREE ST NW, ATLANTA, GA, 30303"
dc_e8eb1c059cb6,True,39.962785,-82.996184,47.1,Non_Exact,"180 E BROAD ST, COLUMBUS, OH, 43215"
dc_d74048d15a6b,True,30.199441,-97.707103,113.9,Non_Exact,"7000 BURLESON RD, AUSTIN, TX, 78744"
dc_e0deb5a5797a,True,34.995895,-82.035793,219.2,Exact,"5700 N BLACKSTOCK RD, SPARTANBURG, SC, 29303"
dc_5374f5d1551e,True,46.814193,-96.842501,67.8,Non_Exact,"3901 GREAT PLAINS DR, FARGO, ND, 58104"
dc_528e1ba31c73,True,36.188601,-86.804129,60.8,Exact,"2208 9TH AVE N, NASHVILLE, TN, 37208"
dc_577d0763b239,True,38.94895,-77.364494,5.1,Exact,"12098 SUNRISE VALLEY DR, RESTON, VA, 20191"
dc_ac081552fe1c,True,45.55095,-122.91602,728.1,Non_Exact,"6327 NW EVERGREEN PKWY, HILLSBORO, OR, 97124"
dc_f52600c4827b,True,43.169929,-78.748651,20.6,Exact,"5369 CROWN DR, LOCKPORT, NY, 14094"
dc_64ef535e80b4,True,37.788616,-122.390816,27.6,Exact,"365 MAIN ST, SAN FRANCISCO, CA, 94105"
dc_ec064dc4d572,True,44.02129,-92.462938,55.2,Non_Exact,"220 S BROADWAY AVE, ROCHESTER, MN, 55904"
dc_7db6a874da87,True,44.355054,-106.664446,2561.3,Non_Exact,"169 US HWY 16, BUFFALO, WY, 82834"
dc_c2fe624e0003,True,38.746361,-77.533563,201.6,Exact,"9651 HORNBAKER RD, MANASSAS, VA, 20109"
dc_73878c244253,False,,,,No_Match,
dc_eb804c8b0e43,True,39.959616,-75.161873,42.7,Exact,"401 N BROAD ST, PHILADELPHIA, PA, 19108"
dc_e529dbcff544,True,44.40875,-88.002076,4383.1,Exact,"4151 HERITAGE RD, DE PERE, WI, 54115"
dc_b013e69db6d4,True,41.627532,-93.767161,73.5,Exact,"3600 109TH ST, URBANDALE, IA, 50322"
dc_df9ba61f4853,False,,,,No_Match,
dc_67ff6b9472eb,True,41.178486,-73.748637,588.6,Non_Exact,"480 N BEDFORD RD, CHAPPAQUA, NY, 10514"
dc_f7e77aebe39c,True,39.010831,-94.504569,284.1,Exact,"6301 WINCHESTER AVE, KANSAS CITY, MO, 64133"
dc_a2e7abda96a4,True,45.426665,-122.562821,102.1,Exact,"13455 SE 97TH AVE, CLACKAMAS, OR, 97015"
dc_bb7e64ba6a05,True,32.78693,-96.794018,36.6,Exact,"2323 BRYAN ST, DALLAS, TX, 75201"
dc_db573af22b8c,True,36.059051,-115.145574,39.3,Non_Exact,"7185 POLLOCK DR, LAS VEGAS, NV, 89119"
dc_a288f31a82ee,False,,,,No_Match,
dc_20728e9abe29,True,25.796782,-80.378817,102.5,Exact,"11300 NW 25TH ST, MIAMI, FL, 33172"
dc_60f5bc675bc3,True,35.221491,-80.835817,78.5,Exact,"125 N MYERS ST, CHARLOTTE, NC, 28202"
dc_8e3b85f052e5,True,42.628988,-71.306054,103.4,Exact,"2 PRINCE AVE, LOWELL, MA, 01852"
dc_3bb6faa489b4,True,41.886339,-87.632389,26.0,Non_Exact,"221 N LA SALLE ST, CHICAGO, IL, 60602"
dc_2457668a558c,True,36.784692,-76.008998,66.1,Exact,"1632 CORPORATE LANDING PKWY, VIRGINIA BEACH, VA, 23454"
dc_f6ebe4e52512,True,27.795751,-97.397393,19.4,Non_Exact,"606 N CARANCAHUA ST, CORPUS CHRISTI, TX, 78401"
dc_b15cee237812,True,30.451692,-91.116443,106.6,Exact,"7139 FLORIDA BLVD, BATON ROUGE, LA, 70806"
dc_1d517d9c43cf,True,34.04902,-118.259396,22.1,Exact,"818 W 7TH ST, LOS ANGELES, CA, 90017"
dc_e1f13594b03c,True,44.05041,-123.092659,16.1,Exact,"859 WILLAMETTE ST, EUGENE, OR, 97401"
dc_a48bd507b5ac,True,41.596911,-73.884156,286.5,Exact,"155 MYERS CORNERS RD, WAPPINGERS FALLS, NY, 12590"
dc_0c28c42b4cce,True,35.844084,-84.268671,451.3,Exact,"7698 CREEKWOOD PARK BLVD, LENOIR CITY, TN, 37772"
dc_854b5acb373f,True,39.960241,-75.159918,65.5,Non_Exact,"1309 NOBLE ST, PHILADELPHIA, PA, 19123"
dc_5ae368e148c6,True,33.76494,-84.606344,209.1,Exact,"1456 TRAE LN, LITHIA SPRINGS, GA, 30122"
dc_74be05054a07,True,46.785475,-92.102217,83.0,Exact,"227 W 1ST ST, DULUTH, MN, 55802"
dc_1459b4e7eef5,True,43.03873,-87.907475,49.1,Non_Exact,"324 E WISCONSIN AVE, MILWAUKEE, WI, 53202"
dc_125f47540bac,True,43.024471,-108.381932,63.7,Non_Exact,"115 S 7TH ST E, RIVERTON, WY, 82501"
dc_6c5c3de9236e,True,40.554374,-74.458806,162.1,Exact,"3 CORPORATE PL, PISCATAWAY, NJ, 08854"
dc_b86253ab50d7,True,33.734016,-84.42459,115.8,Exact,"1150 WHITE ST SW, ATLANTA, GA, 30310"
dc_4ee36820cdbd,True,39.000406,-77.448517,25.5,Exact,"22271 BRODERICK DR, STERLING, VA, 20166"
dc_d79e66e14276,True,33.350043,-111.608595,536.7,Exact,"10256 E ELLIOT RD, MESA, AZ, 85212"
dc_92574408e089,True,42.241964,-83.739113,122.9,Exact,"3131 S STATE ST, ANN ARBOR, MI, 48108"
dc_88c1a3921ea5,True,39.967038,-82.992868,28.0,Exact,"325 E SPRING ST, COLUMBUS, OH, 43215"
dc_5a62da9c3162,False,,,,Tie,
dc_d26ec4045e7e,True,38.275227,-122.666142,60.7,Non_Exact,"1310 REDWOOD WAY, PETALUMA, CA, 94954"
dc_61f104ef7e31,False,,,,No_Match,
dc_68edd4e8e2ac,True,32.909858,-96.872453,204.8,Exact,"11800 WEBB CHAPEL RD, DALLAS, TX, 75234"
dc_cdfdfa748122,True,28.534183,-81.379805,48.8,Exact,"100 W LUCERNE CIR, ORLANDO, FL, 32801"
dc_64c7a0c8382c,True,44.806143,-93.634759,306.7,Exact,"1708 W CREEK LN, CHASKA, MN, 55318"
dc_c37802ecd331,True,43.04426,-76.15226,50.7,Exact,"500 S SALINA ST, SYRACUSE, NY, 13202"
dc_5a0289a90452,True,37.846829,-122.291597,128.1,Exact,"1400 65TH ST, EMERYVILLE, CA, 94608"
dc_bce2a55a99d1,True,40.721779,-73.632572,126.0,Exact,"501 FRANKLIN AVE, GARDEN CITY, NY, 11530"
dc_4f54bffb8d68,True,26.390199,-80.108655,248.8,Exact,"4680 CONFERENCE WAY S, BOCA RATON, FL, 33431"
dc_50cfa203d920,True,41.482441,-83.453765,263.5,Exact,"22690 PEMBERVILLE RD, LUCKEY, OH, 43443"
dc_e22e8d10f87c,True,42.518987,-71.085239,172.4,Exact,"200 QUANNAPOWITT PKWY, WAKEFIELD, MA, 01880"
dc_0f72f668a2e1,True,41.441767,-81.801376,207.1,Exact,"4150 W 150TH ST, CLEVELAND, OH, 44135"
dc_85af46cfd088,True,39.745594,-104.995046,58.5,Exact,"1500 CHAMPA ST, DENVER, CO, 80202"
dc_57e09c860fe5,False,,,,No_Match,
dc_58ce7a0aa27d,True,45.546368,-122.896749,146.1,Non_Exact,"8135 NW EVERGREEN PKWY, HILLSBORO, OR, 97124"
dc_90c8dcfdda40,True,45.546368,-122.896749,146.1,Non_Exact,"8135 NW EVERGREEN PKWY, HILLSBORO, OR, 97124"
dc_00e628ce6044,True,39.043153,-77.54179,394.3,Exact,"20632 SYCOLIN RD, LEESBURG, VA, 20175"
dc_7dd700f2302b,True,35.221402,-80.835946,65.3,Exact,"113 N MYERS ST, CHARLOTTE, NC, 28202"
dc_0697d50df413,True,41.828548,-71.419912,47.4,Exact,"235 PROMENADE ST, PROVIDENCE, RI, 02908"
dc_ca6a6b6b42c4,True,42.473279,-92.458325,105.9,Non_Exact,"1205 TECHNOLOGY PKWY, CEDAR FALLS, IA, 50613"
dc_ada9efdb9033,True,33.760547,-84.387636,167.1,Non_Exact,"270 PEACHTREE ST, ATLANTA, GA, 30303"
dc_a6a8876c4b50,True,33.889548,-118.370074,128.2,Non_Exact,"3690 REDONDO BEACH AVE, REDONDO BEACH, CA, 90278"
dc_381edb33d816,True,34.04902,-118.259396,24.0,Exact,"818 W 7TH ST, LOS ANGELES, CA, 90017"
dc_faf2065fd962,True,33.832314,-84.339042,73.1,Exact,"6 W DRUID HILLS DR NE, ATLANTA, GA, 30329"
dc_9d41992d9e6f,True,40.452151,-80.003495,202.6,Non_Exact,"1 ALLEGHENY SQ, PITTSBURGH, PA, 15212"
dc_3dc0908f81e0,True,40.045547,-86.014009,17.0,Exact,"859 CONNER ST, NOBLESVILLE, IN, 46060"
dc_f0eb87bf240c,True,25.776033,-80.193092,18.6,Exact,"36 NE 2ND ST, MIAMI, FL, 33132"
dc_668e8cfeb9b1,True,37.638565,-77.468208,59.1,Exact,"1450 E PARHAM RD, RICHMOND, VA, 23228"
dc_9d03f9d03002,True,40.017632,-105.277173,15.5,Exact,"1919 14TH ST, BOULDER, CO, 80302"
dc_fa5618a8e380,True,40.72682,-74.007478,19.7,Exact,"325 HUDSON ST, NEW YORK, NY, 10013"
dc_80da332f0c37,True,38.975739,-94.708635,65.6,Exact,"10605 W 84TH TER, OVERLAND PARK, KS, 66214"
dc_fc171f02d21c,True,43.073116,-89.386502,46.9,Exact,"222 W WASHINGTON AVE, MADISON, WI, 53703"
dc_ac067fc8caa1,False,,,,Tie,
dc_9641538f7308,True,41.81734,-71.424019,37.7,Exact,"935 WESTMINSTER ST, PROVIDENCE, RI, 02903"
dc_d6d98ef855f4,False,,,,No_Match,
dc_50f300dbed19,True,32.751822,-97.331523,44.6,Exact,"307 W 7TH ST, FORT WORTH, TX, 76102"
dc_cc49cc794d73,True,34.048222,-118.254575,60.7,Exact,"530 W 6TH ST, LOS ANGELES, CA, 90014"
dc_ab2a3e5edefd,True,30.451688,-91.116584,117.7,Exact,"7127 FLORIDA BLVD, BATON ROUGE, LA, 70806"
dc_267ac84b2d36,False,,,,No_Match,
dc_6ab52053e3ec,True,27.944687,-82.351354,72.5,Exact,"9310 FLORIDA PALM DR, TAMPA, FL, 33619"
dc_4d97600c0104,True,33.501454,-86.822288,233.5,Exact,"433 6TH ST S, BIRMINGHAM, AL, 35233"
dc_a79d487eebc7,True,41.58568,-93.6254,16.9,Exact,"666 WALNUT ST, DES MOINES, IA, 50309"
dc_ce363e3ec754,False,,,,No_Match,
dc_528384267832,True,39.024647,-77.41361,78.5,Exact,"21110 RIDGETOP CIR, STERLING, VA, 20166"
dc_a525f7501d71,False,,,,No_Match,
dc_586f965d0e34,True,42.479224,-96.346135,479.9,Exact,"4647 STONE AVE, SIOUX CITY, IA, 51106"
dc_5201629a2721,True,41.501526,-81.470894,572.9,Non_Exact,"5915 LANDERBROOK DR, MAYFIELD HEIGHTS, OH, 44124"
dc_1a15871c8912,False,,,,No_Match,
dc_95e3409a561c,True,37.333942,-121.889924,55.4,Non_Exact,"50 W SAN FERNANDO ST, SAN JOSE, CA, 95113"
dc_a8fff910467b,True,43.658303,-70.299539,34.1,Non_Exact,"9 WESTLAND AVE, PORTLAND, ME, 04102"
dc_2600bf81e31a,False,,,,No_Match,
dc_517844b7b7df,True,30.436318,-97.763891,11.5,Exact,"7128 MC NEIL DR, AUSTIN, TX, 78729"
dc_4cf5e14e6a53,True,37.239514,-121.776653,612.5,Non_Exact,"11 GREAT OAKS BLVD, SAN JOSE, CA, 95119"
dc_5801df70eb41,True,34.047741,-118.256095,36.2,Exact,"650 S GRAND AVE, LOS ANGELES, CA, 90017"
dc_d0177d80704c,True,30.211257,-97.697601,227.8,Exact,"7301 METRO CENTER DR, AUSTIN, TX, 78744"
dc_c7aa0c4fe9d5,True,34.047741,-118.256095,36.2,Exact,"650 S GRAND AVE, LOS ANGELES, CA, 90017"
dc_d9001f9c6c9e,True,33.347345,-111.618515,251.4,Exact,"3856 S EVERTON TER, MESA, AZ, 85212"
dc_e8c73d76dcdd,True,34.744517,-92.274148,50.1,Exact,"325 W CAPITOL AVE, LITTLE ROCK, AR, 72201"
dc_ea29c9c9ca57,True,38.772933,-77.543198,471.0,Exact,"11660 HAYDEN RD, MANASSAS, VA, 20109"
dc_b0bc13ad8190,True,39.183174,-85.895644,162.8,Exact,"2425 TECHNOLOGY BLVD, COLUMBUS, IN, 47201"
dc_f0c152473863,False,,,,No_Match,
dc_2d3d06e9ea7a,True,38.275674,-85.507183,47.0,Exact,"2101 NELSON MILLER PKWY, LOUISVILLE, KY, 40223"
dc_e8fdaabd81bd,False,,,,No_Match,
dc_fd5d2f4c2f9e,False,,,,No_Match,
dc_2e2a707c7ddf,True,45.547578,-122.867456,142.2,Exact,"3750 NW 185TH AVE, PORTLAND, OR, 97229"
dc_21bf956aedf2,True,32.343427,-97.732405,241.4,Exact,"2001 MITCHELL BEND HWY, GRANBURY, TX, 76048"
dc_fa631ad5684c,True,38.979613,-77.443821,74.1,Exact,"22995 WILDER CT, STERLING, VA, 20166"
dc_edee31226499,True,40.743446,-74.00734,52.1,Exact,"85 10TH AVE, NEW YORK, NY, 10011"
dc_3a88e754c921,True,35.035399,-81.103432,98.3,Exact,"2143 HANDS MILL HWY, YORK, SC, 29745"
dc_84fb51e4e530,True,33.688822,-117.842895,111.5,Non_Exact,"17400 VON KARMAN AVE, IRVINE, CA, 92614"
dc_4290cc221459,True,44.476152,-73.208462,39.4,Exact,"266 MAIN ST, BURLINGTON, VT, 05401"
dc_6396a9188b64,True,47.902552,-97.08831,156.6,Non_Exact,"4301 18TH AVE S, GRAND FORKS, ND, 58201"
dc_9ed1aea6df62,True,42.64957,-73.75262,23.5,Exact,"80 STATE ST, ALBANY, NY, 12207"
dc_42b486a76993,True,45.740732,-108.592465,46.5,Exact,"3025 HESPER RD, BILLINGS, MT, 59102"
dc_2b69bfa841ef,False,,,,No_Match,
dc_f762d99d6b4e,True,38.964798,-77.382891,18.1,Exact,"520 VAN BUREN ST, HERNDON, VA, 20170"
dc_9a32e70d572f,True,41.037331,-73.987853,352.1,Exact,"2000 CORPORATE DR, ORANGEBURG, NY, 10962"
dc_af4daeefc3e5,True,39.762006,-104.760964,20.1,Non_Exact,"3431 WINDSOR DR, AURORA, CO, 80011"
dc_7259ff26155b,True,33.945662,-118.39304,53.9,Exact,"6171 W CENTURY BLVD, LOS ANGELES, CA, 90045"
dc_f7435c1bda22,True,43.155657,-77.612519,29.9,Non_Exact,"1 MAIN ST W, ROCHESTER, NY, 14614"
dc_cc078a791020,True,33.755474,-84.391094,44.1,Non_Exact,"55 MARIETTA ST, ATLANTA, GA, 30303"
dc_e87f67f21f0c,True,27.949592,-82.458713,32.5,Exact,"655 N FRANKLIN ST, TAMPA, FL, 33602"
dc_8895a8adb317,True,44.479321,-73.213866,57.7,Exact,"110 CHERRY ST, BURLINGTON, VT, 05401"
dc_33b0acb3fbfc,True,39.559132,-104.839367,66.4,Non_Exact,"8636 PEORIA ST, ENGLEWOOD, CO, 80112"
dc_f962646a287f,False,,,,No_Match,
dc_23f3922163d5,True,45.52076,-122.678985,36.2,Exact,"707 SW WASHINGTON ST, PORTLAND, OR, 97205"
dc_d8cbb9e4b58b,True,39.74565,-104.995336,25.7,Exact,"910 15TH ST, DENVER, CO, 80202"
dc_0bc4b8b71abf,True,37.152339,-88.732521,60.2,Exact,"506 MARKET ST, METROPOLIS, IL, 62960"
dc_bb6acbbe7a18,True,45.556954,-122.931527,339.8,Exact,"4951 NE HUFFMAN ST, HILLSBORO, OR, 97124"
dc_97babf80923b,True,39.616585,-84.22726,156.8,Non_Exact,"9333 SPRINGBORO PIKE, MIAMISBURG, OH, 45342"
dc_9b2065354392,True,44.980707,-93.267331,30.0,Non_Exact,"250 MARQUETTE AVE S, MINNEAPOLIS, MN, 55401"
dc_c71975653c6c,True,41.159511,-96.026013,44.5,Exact,"1148 AMERICAN PKWY, PAPILLION, NE, 68046"
dc_75d783969484,True,42.995233,-89.423209,64.0,Non_Exact,"5515 NOBEL DR, FITCHBURG, WI, 53711"
dc_0ccbc7a90b2d,True,42.729591,-105.325771,1144.2,Exact,"50 ORIN WAY, DOUGLAS, WY, 82633"
dc_69c4af3b8176,True,43.496779,-96.78449,96.4,Non_Exact,"5401 S SOLBERG AVE, SIOUX FALLS, SD, 57108"
dc_f9308489536b,True,40.72655,-74.033789,33.1,Exact,"111 PAVONIA AVE, JERSEY CITY, NJ, 07310"
dc_739935478bcb,False,,,,Tie,
dc_0ab33847b79e,True,26.391308,-80.109177,175.4,Exact,"5050 CONFERENCE WAY N, BOCA RATON, FL, 33431"
dc_4c9033aaa0e5,True,39.101551,-76.84789,21.2,Exact,"312 LAUREL AVE, LAUREL, MD, 20707"
dc_6d10a61e19f2,True,39.103125,-84.517017,42.9,Exact,"209 W 7TH ST, CINCINNATI, OH, 45202"
dc_4cfa0741336f,True,35.084344,-106.649484,66.5,Exact,"219 CENTRAL AVE NW, ALBUQUERQUE, NM, 87102"
dc_028c228e5604,True,41.289624,-72.969598,52.4,Exact,"2 HORTON PL, WEST HAVEN, CT, 06516"
dc_5e87bc712d75,True,40.450158,-80.006045,124.1,Non_Exact,"100 S CMNS, PITTSBURGH, PA, 15212"
dc_f5141a487f0e,False,,,,No_Match,
dc_d42b2dbe3bc5,True,35.222095,-80.836971,18.5,Exact,"701 E TRADE ST, CHARLOTTE, NC, 28202"
dc_59230c71f261,True,37.334508,-121.89143,44.7,Exact,"55 S MARKET ST, SAN JOSE, CA, 95113"
dc_92b8c227e4e0,True,45.510976,-122.431743,28.0,Exact,"150 NW 20TH ST, GRESHAM, OR, 97030"
dc_66e8fa6175af,True,33.016063,-96.766854,152.2,Exact,"1221 COIT RD, PLANO, TX, 75075"
dc_5fef38fd6a16,False,,,,No_Match,
dc_b882f44c45b0,True,41.500747,-81.683704,6.6,Exact,"1255 EUCLID AVE, CLEVELAND, OH, 44115"
dc_ed562b27f502,True,39.014365,-77.457841,266.7,Exact,"21715 FILIGREE CT, ASHBURN, VA, 20147"
dc_9aa547ca020f,True,39.56095,-104.86565,360.0,Exact,"393 INVERNESS PKWY, ENGLEWOOD, CO, 80112"
dc_b3c70d75bf1a,True,35.222095,-80.836971,20.3,Exact,"701 E TRADE ST, CHARLOTTE, NC, 28202"
dc_90a6d53a922b,True,38.352874,-81.640475,48.7,Exact,"233 VIRGINIA ST E, CHARLESTON, WV, 25301"
dc_9bfe6733e707,True,25.932523,-80.121804,75.9,Exact,"16901 COLLINS AVE, MIAMI, FL, 33160"
dc_ba58e4ebbda3,True,34.04865,-118.257155,34.5,Exact,"700 WILSHIRE BLVD, LOS ANGELES, CA, 90017"
dc_d26d3b37dc1a,True,40.744587,-73.987454,18.6,Exact,"244 5TH AVE, NEW YORK, NY, 10001"
dc_3cd8837b3e4f,True,41.090952,-73.813834,327.1,Exact,"11 SKYLINE DR, HAWTHORNE, NY, 10532"
dc_9dd5566a71a7,True,34.047282,-118.256692,70.0,Exact,"600 W 7TH ST, LOS ANGELES, CA, 90017"
dc_68e03ee6464c,True,33.137142,-96.661343,403.2,Non_Exact,"820 ALLEN COMMERCE PKWY, ALLEN, TX, 75013"
dc_19e8b4001ea2,True,40.606205,-74.171125,899.7,Exact,"7 TELEPORT DR, STATEN ISLAND, NY, 10311"
dc_58ca51de8887,False,,,,No_Match,
dc_57096ce99736,True,41.768183,-72.672986,73.7,Exact,"960 MAIN ST, HARTFORD, CT, 06103"
dc_7a668eda7453,True,30.21155,-97.695618,71.5,Exact,"7500 METRO CENTER DR, AUSTIN, TX, 78744"
dc_883d27078b2e,True,38.919592,-77.21235,55.7,Exact,"1755 OLD MEADOW RD, MCLEAN, VA, 22102"
dc_5155a7762cb7,True,33.684342,-117.838078,122.1,Exact,"2681 KELVIN AVE, IRVINE, CA, 92614"
dc_8b1409a7c09c,True,34.048222,-118.254575,60.7,Exact,"530 W 6TH ST, LOS ANGELES, CA, 90014"
dc_4595feafd7e2,True,34.048122,-118.256329,62.7,Exact,"626 WILSHIRE BLVD, LOS ANGELES, CA, 90017"
dc_3c91f82abab9,True,34.061725,-118.293022,76.0,Exact,"3250 WILSHIRE BLVD, LOS ANGELES, CA, 90010"
dc_94004336071b,True,39.137768,-94.578826,44.9,Exact,"201 E 16TH AVE, NORTH KANSAS CITY, MO, 64116"
dc_7d3c86a321c9,True,42.64957,-73.75262,17.2,Exact,"80 STATE ST, ALBANY, NY, 12207"
dc_ffc36ba64dc4,False,,,,No_Match,
dc_c6a7708cb1fd,True,40.450158,-80.006045,124.1,Non_Exact,"100 S CMNS, PITTSBURGH, PA, 15212"
dc_de24883d5033,True,32.829914,-117.136462,215.4,Exact,"8915 COMPLEX DR, SAN DIEGO, CA, 92123"
dc_022cedeff92c,True,44.6965,-73.453386,36.3,Exact,"24 MARGARET ST, PLATTSBURGH, NY, 12901"
dc_4aca16af087d,True,28.26025,-80.695261,127.3,Exact,"8635 HOLIDAY SPRINGS RD, MELBOURNE, FL, 32940"
dc_cb548352378e,True,32.838897,-117.133617,86.9,Non_Exact,"5775 KEARNY VILLA RD, SAN DIEGO, CA, 92123"
dc_80b3c168cede,True,37.503611,-77.26142,192.4,Exact,"5200 TECHNOLOGY BLVD, SANDSTON, VA, 23150"
dc_5998861d7b2d,True,28.035398,-82.540798,173.7,Exact,"9417 CORPORATE LAKE DR, TAMPA, FL, 33634"
dc_180d30e8b4da,False,,,,No_Match,
dc_caf0dd24a4a3,True,28.02023,-82.524095,67.1,Exact,"8010 WOODLAND CENTER BLVD, TAMPA, FL, 33614"
dc_0829ecd70434,True,45.489828,-122.810849,72.9,Exact,"4155 SW CEDAR HILLS BLVD, BEAVERTON, OR, 97005"
dc_ec7f3d892327,True,25.776033,-80.193092,36.7,Non_Exact,"36 NE 2ND ST, MIAMI, FL, 33132"
dc_1c50ce7c72a5,True,37.38332,-121.962506,262.2,Non_Exact,"2201 LAURELWOOD RD, SANTA CLARA, CA, 95054"
dc_770feb7b2cec,True,27.949592,-82.458713,31.4,Exact,"655 N FRANKLIN ST, TAMPA, FL, 33602"
dc_1d8cca75d953,True,32.96348,-96.717178,347.2,Exact,"1232 ALMA RD, RICHARDSON, TX, 75081"
dc_faa6dba0bad0,True,25.782755,-80.193061,15.3,Non_Exact,"50 NE 9TH ST, MIAMI, FL, 33132"
dc_6875118f0a7f,True,47.248493,-119.818234,509.1,Exact,"1500 M ST NE, QUINCY, WA, 98848"
dc_f94db4d64ace,True,33.730192,-117.850521,121.7,Non_Exact,"1400 S GRAND AVE, SANTA ANA, CA, 92705"
dc_50e9c91a244c,True,41.554386,-73.041037,16.1,Exact,"108 BANK ST, WATERBURY, CT, 06702"
dc_ff894257d489,False,,,,No_Match,
dc_4b5aca5e22a3,True,37.332931,-121.891362,161.1,Exact,"190 PARK CENTER PLZ, SAN JOSE, CA, 95113"
dc_a4a29a509851,True,43.607203,-96.810879,305.6,Non_Exact,"5300 N LAMESA DR, SIOUX FALLS, SD, 57107"
dc_e5cafa592f46,True,34.031506,-84.066524,669.8,Non_Exact,"300 SATELLITE BLVD, SUWANEE, GA, 30024"
dc_573a60c3563b,True,37.509475,-122.000281,159.2,Non_Exact,"39800 EUREKA DR, NEWARK, CA, 94560"
dc_020b4e91299a,True,42.48881,-92.330357,21.3,Exact,"206 W 13TH ST, WATERLOO, IA, 50702"
dc_aea1cf806ec1,True,39.560754,-104.826772,36.5,Exact,"8535 HIGHFIELD PKWY, ENGLEWOOD, CO, 80112"
dc_6ad7c23dd50f,True,34.04902,-118.259396,34.5,Non_Exact,"818 W 7TH ST, LOS ANGELES, CA, 90017"
dc_0cfbf292e004,True,38.930364,-77.242303,312.8,Non_Exact,"8502A TYCO RD, VIENNA, VA, 22182"
dc_7aabaf75c3ad,False,,,,No_Match,
dc_879b2f39f650,True,40.832497,-74.123887,209.9,Exact,"2 PEEKAY DR, CLIFTON, NJ, 07014"
dc_90539e96965d,True,40.705047,-74.014037,81.8,Exact,"25 BROADWAY, NEW YORK, NY, 10004"
